-- MySQL dump 10.13  Distrib 8.0.44, for Win64 (x86_64)
--
-- Host: 127.0.0.1    Database: gym_system
-- ------------------------------------------------------
-- Server version	8.0.44

/*!40101 SET @OLD_CHARACTER_SET_CLIENT=@@CHARACTER_SET_CLIENT */;
/*!40101 SET @OLD_CHARACTER_SET_RESULTS=@@CHARACTER_SET_RESULTS */;
/*!40101 SET @OLD_COLLATION_CONNECTION=@@COLLATION_CONNECTION */;
/*!50503 SET NAMES utf8mb4 */;
/*!40103 SET @OLD_TIME_ZONE=@@TIME_ZONE */;
/*!40103 SET TIME_ZONE='+00:00' */;
/*!40014 SET @OLD_UNIQUE_CHECKS=@@UNIQUE_CHECKS, UNIQUE_CHECKS=0 */;
/*!40014 SET @OLD_FOREIGN_KEY_CHECKS=@@FOREIGN_KEY_CHECKS, FOREIGN_KEY_CHECKS=0 */;
/*!40101 SET @OLD_SQL_MODE=@@SQL_MODE, SQL_MODE='NO_AUTO_VALUE_ON_ZERO' */;
/*!40111 SET @OLD_SQL_NOTES=@@SQL_NOTES, SQL_NOTES=0 */;

--
-- Table structure for table `booking`
--

DROP TABLE IF EXISTS `booking`;
/*!40101 SET @saved_cs_client     = @@character_set_client */;
/*!50503 SET character_set_client = utf8mb4 */;
CREATE TABLE `booking` (
  `booking_id` int NOT NULL,
  `member_id` int DEFAULT NULL,
  `course_id` int DEFAULT NULL,
  `booking_time` datetime NOT NULL,
  `booking_status` enum('pending','confirmed','cancelled') DEFAULT 'pending',
  PRIMARY KEY (`booking_id`),
  KEY `member_id` (`member_id`),
  KEY `course_id` (`course_id`),
  CONSTRAINT `booking_ibfk_1` FOREIGN KEY (`member_id`) REFERENCES `member` (`member_id`),
  CONSTRAINT `booking_ibfk_2` FOREIGN KEY (`course_id`) REFERENCES `course` (`course_id`)
) ENGINE=InnoDB DEFAULT CHARSET=utf8mb4 COLLATE=utf8mb4_0900_ai_ci COMMENT='预约表：存储会员对课程的预约记录';
/*!40101 SET character_set_client = @saved_cs_client */;

--
-- Dumping data for table `booking`
--

LOCK TABLES `booking` WRITE;
/*!40000 ALTER TABLE `booking` DISABLE KEYS */;
INSERT INTO `booking` VALUES (1,1,1,'2025-12-02 10:00:00','confirmed'),(2,2,3,'2025-12-02 14:00:00','confirmed'),(3,3,4,'2025-12-03 09:00:00','confirmed'),(4,4,5,'2025-12-03 16:00:00','pending'),(5,6,1,'2025-12-02 10:00:00','confirmed'),(6,7,6,'2025-12-04 15:00:00','confirmed'),(7,9,7,'2025-12-02 07:00:00','confirmed'),(8,10,2,'2025-12-05 11:00:00','pending'),(9,1,3,'2025-12-06 14:00:00','confirmed'),(10,2,1,'2025-12-07 10:00:00','cancelled');
/*!40000 ALTER TABLE `booking` ENABLE KEYS */;
UNLOCK TABLES;

--
-- Temporary view structure for view `booking_detail_view`
--

DROP TABLE IF EXISTS `booking_detail_view`;
/*!50001 DROP VIEW IF EXISTS `booking_detail_view`*/;
SET @saved_cs_client     = @@character_set_client;
/*!50503 SET character_set_client = utf8mb4 */;
/*!50001 CREATE VIEW `booking_detail_view` AS SELECT 
 1 AS `booking_id`,
 1 AS `booking_time`,
 1 AS `booking_status`,
 1 AS `member_id`,
 1 AS `member_name`,
 1 AS `member_phone`,
 1 AS `course_id`,
 1 AS `course_name`,
 1 AS `course_type`,
 1 AS `duration`,
 1 AS `trainer_name`*/;
SET character_set_client = @saved_cs_client;

--
-- Table structure for table `check_in`
--

DROP TABLE IF EXISTS `check_in`;
/*!40101 SET @saved_cs_client     = @@character_set_client */;
/*!50503 SET character_set_client = utf8mb4 */;
CREATE TABLE `check_in` (
  `checkin_id` int NOT NULL,
  `member_id` int DEFAULT NULL,
  `checkin_time` datetime NOT NULL,
  `checkout_time` datetime DEFAULT NULL,
  PRIMARY KEY (`checkin_id`),
  KEY `member_id` (`member_id`),
  CONSTRAINT `check_in_ibfk_1` FOREIGN KEY (`member_id`) REFERENCES `member` (`member_id`)
) ENGINE=InnoDB DEFAULT CHARSET=utf8mb4 COLLATE=utf8mb4_0900_ai_ci COMMENT='打卡表：记录会员的签到签退信息';
/*!40101 SET character_set_client = @saved_cs_client */;

--
-- Dumping data for table `check_in`
--

LOCK TABLES `check_in` WRITE;
/*!40000 ALTER TABLE `check_in` DISABLE KEYS */;
INSERT INTO `check_in` VALUES (1,1,'2025-11-25 08:30:00','2025-11-25 10:15:00'),(2,2,'2025-11-25 09:00:00','2025-11-25 10:30:00'),(3,3,'2025-11-25 14:00:00','2025-11-25 16:00:00'),(4,1,'2025-11-26 08:45:00','2025-11-26 10:30:00'),(5,4,'2025-11-26 15:30:00','2025-11-26 17:00:00'),(6,6,'2025-11-27 09:15:00','2025-11-27 11:00:00'),(7,7,'2025-11-27 16:00:00','2025-11-27 18:30:00'),(8,1,'2025-11-28 08:30:00','2025-11-28 10:00:00'),(9,2,'2025-11-28 14:30:00','2025-11-28 16:15:00'),(10,9,'2025-11-28 10:00:00','2025-11-28 12:00:00'),(11,10,'2025-11-29 09:00:00','2025-11-29 11:30:00'),(12,1,'2025-11-29 18:00:00','2025-11-29 20:00:00'),(13,3,'2025-11-29 15:00:00','2025-11-29 17:00:00'),(14,6,'2025-11-30 08:00:00','2025-11-30 09:45:00'),(15,7,'2025-11-30 16:30:00','2025-11-30 18:00:00'),(16,1,'2025-12-01 08:30:00',NULL),(17,2,'2025-12-01 09:15:00','2025-12-01 10:45:00'),(18,4,'2025-12-01 14:00:00',NULL);
/*!40000 ALTER TABLE `check_in` ENABLE KEYS */;
UNLOCK TABLES;

--
-- Table structure for table `course`
--

DROP TABLE IF EXISTS `course`;
/*!40101 SET @saved_cs_client     = @@character_set_client */;
/*!50503 SET character_set_client = utf8mb4 */;
CREATE TABLE `course` (
  `course_id` int NOT NULL,
  `name` varchar(100) NOT NULL,
  `type` enum('yoga','spinning','pilates','aerobics','strength','other') DEFAULT 'other',
  `duration` int NOT NULL COMMENT 'Course duration in minutes',
  `max_capacity` int NOT NULL DEFAULT '20',
  `employee_id` int DEFAULT NULL,
  PRIMARY KEY (`course_id`),
  KEY `employee_id` (`employee_id`),
  CONSTRAINT `course_ibfk_1` FOREIGN KEY (`employee_id`) REFERENCES `employee` (`employee_id`)
) ENGINE=InnoDB DEFAULT CHARSET=utf8mb4 COLLATE=utf8mb4_0900_ai_ci COMMENT='课程表：存储健身房提供的课程信息及对应教练';
/*!40101 SET character_set_client = @saved_cs_client */;

--
-- Dumping data for table `course`
--

LOCK TABLES `course` WRITE;
/*!40000 ALTER TABLE `course` DISABLE KEYS */;
INSERT INTO `course` VALUES (1,'瑜伽基础班','yoga',60,15,1),(2,'高级瑜伽','yoga',90,12,1),(3,'动感单车','spinning',45,20,2),(4,'普拉提塑形','pilates',60,15,3),(5,'有氧健身操','aerobics',50,25,2),(6,'力量训练','strength',60,10,6),(7,'晨练瑜伽','yoga',45,20,1),(8,'晚间放松','yoga',60,15,3);
/*!40000 ALTER TABLE `course` ENABLE KEYS */;
UNLOCK TABLES;

--
-- Temporary view structure for view `course_detail_view`
--

DROP TABLE IF EXISTS `course_detail_view`;
/*!50001 DROP VIEW IF EXISTS `course_detail_view`*/;
SET @saved_cs_client     = @@character_set_client;
/*!50503 SET character_set_client = utf8mb4 */;
/*!50001 CREATE VIEW `course_detail_view` AS SELECT 
 1 AS `course_id`,
 1 AS `course_name`,
 1 AS `type`,
 1 AS `duration`,
 1 AS `max_capacity`,
 1 AS `employee_id`,
 1 AS `trainer_name`,
 1 AS `trainer_phone`,
 1 AS `current_bookings`,
 1 AS `available_slots`*/;
SET character_set_client = @saved_cs_client;

--
-- Temporary view structure for view `current_members_in_gym`
--

DROP TABLE IF EXISTS `current_members_in_gym`;
/*!50001 DROP VIEW IF EXISTS `current_members_in_gym`*/;
SET @saved_cs_client     = @@character_set_client;
/*!50503 SET character_set_client = utf8mb4 */;
/*!50001 CREATE VIEW `current_members_in_gym` AS SELECT 
 1 AS `checkin_id`,
 1 AS `member_id`,
 1 AS `name`,
 1 AS `phone`,
 1 AS `checkin_time`,
 1 AS `minutes_in_gym`*/;
SET character_set_client = @saved_cs_client;

--
-- Table structure for table `employee_role`
--

DROP TABLE IF EXISTS `employee_role`;
/*!40101 SET @saved_cs_client     = @@character_set_client */;
/*!50503 SET character_set_client = utf8mb4 */;
CREATE TABLE `employee_role` (
  `role_id` int NOT NULL,
  `role_name` varchar(50) NOT NULL,
  `description` varchar(200) DEFAULT NULL,
  `permissions` varchar(500) DEFAULT NULL COMMENT '权限列表，逗号分隔',
  PRIMARY KEY (`role_id`)
) ENGINE=InnoDB DEFAULT CHARSET=utf8mb4 COLLATE=utf8mb4_0900_ai_ci COMMENT='员工角色表：存储员工角色类型，体现继承关系';
/*!40101 SET character_set_client = @saved_cs_client */;

--
-- Dumping data for table `employee_role`
--

LOCK TABLES `employee_role` WRITE;
/*!40000 ALTER TABLE `employee_role` DISABLE KEYS */;
INSERT INTO `employee_role` VALUES (1,'Trainer','健身教练，负责课程教学','course_view,course_manage_own,booking_view_own,booking_confirm_own,member_view'),(2,'Receptionist','前台接待，负责会员登记','member_view,member_add,member_edit,card_view,card_add,card_renew,booking_view,booking_confirm,checkin_manage,order_view,order_create'),(3,'Admin','管理员，负责系统管理','member_view,member_add,member_edit,member_delete,card_view,card_add,card_renew,card_delete,course_view,course_add,course_edit,course_delete,booking_view,booking_confirm,checkin_manage,order_view,order_create,product_manage,employee_view,employee_add,employee_edit,employee_delete');
/*!40000 ALTER TABLE `employee_role` ENABLE KEYS */;
UNLOCK TABLES;

--
-- Table structure for table `employee`
--

DROP TABLE IF EXISTS `employee`;
/*!40101 SET @saved_cs_client     = @@character_set_client */;
/*!50503 SET character_set_client = utf8mb4 */;
CREATE TABLE `employee` (
  `employee_id` int NOT NULL,
  `name` varchar(100) NOT NULL,
  `role_id` int DEFAULT NULL,
  `phone` varchar(20) DEFAULT NULL,
  `hire_date` date NOT NULL,
  PRIMARY KEY (`employee_id`),
  KEY `role_id` (`role_id`),
  CONSTRAINT `employee_ibfk_1` FOREIGN KEY (`role_id`) REFERENCES `employee_role` (`role_id`)
) ENGINE=InnoDB DEFAULT CHARSET=utf8mb4 COLLATE=utf8mb4_0900_ai_ci COMMENT='员工表：存储健身房员工信息，包括教练、前台和管理员';
/*!40101 SET character_set_client = @saved_cs_client */;

--
-- Dumping data for table `employee`
--

LOCK TABLES `employee` WRITE;
/*!40000 ALTER TABLE `employee` DISABLE KEYS */;
INSERT INTO `employee` VALUES (1,'张教练',1,'13800001111','2023-01-15'),(2,'李教练',1,'13800002222','2023-03-20'),(3,'王教练',1,'13800003333','2023-06-10'),(4,'赵前台',2,'13800004444','2024-01-05'),(5,'刘管理员',3,'13800005555','2022-12-01'),(6,'陈教练',1,'13800006666','2024-02-14'),(7,'周前台',2,'13800007777','2024-03-01');
/*!40000 ALTER TABLE `employee` ENABLE KEYS */;
UNLOCK TABLES;

--
-- Table structure for table `member`
--

DROP TABLE IF EXISTS `member`;
/*!40101 SET @saved_cs_client     = @@character_set_client */;
/*!50503 SET character_set_client = utf8mb4 */;
CREATE TABLE `member` (
  `member_id` int NOT NULL,
  `name` varchar(100) DEFAULT NULL,
  `phone` varchar(20) DEFAULT NULL,
  `email` varchar(100) DEFAULT NULL,
  `gender` enum('male','female','other') DEFAULT 'other',
  `birth_date` date DEFAULT NULL,
  `register_date` datetime DEFAULT NULL,
  `status` enum('active','inactive','frozen') DEFAULT 'active',
  PRIMARY KEY (`member_id`)
) ENGINE=InnoDB DEFAULT CHARSET=utf8mb4 COLLATE=utf8mb4_0900_ai_ci COMMENT='会员表：存储健身房会员的基本信息';
/*!40101 SET character_set_client = @saved_cs_client */;

--
-- Dumping data for table `member`
--

LOCK TABLES `member` WRITE;
/*!40000 ALTER TABLE `member` DISABLE KEYS */;
INSERT INTO `member` VALUES (1,'张三','13900001111','zhangsan@email.com','male','1995-05-15','2024-01-10 09:30:00','active'),(2,'李四','13900002222','lisi@email.com','female','1998-08-20','2024-02-15 14:20:00','active'),(3,'王五','13900003333','wangwu@email.com','male','1992-03-10','2024-03-05 10:15:00','active'),(4,'赵六','13900004444','zhaoliu@email.com','female','2000-11-25','2024-04-12 16:45:00','active'),(5,'孙七','13900005555','sunqi@email. com','male','1990-07-08','2024-05-20 11:30:00','frozen'),(6,'周八','13900006666','zhouba@email.com','female','1996-12-30','2024-06-08 13:20:00','active'),(7,'吴九','13900007777','wujiu@email.com','male','1994-09-18','2024-07-15 15:10:00','active'),(8,'郑十','13900008888','zhengshi@email.com','female','1999-04-22','2024-08-01 09:00:00','inactive'),(9,'刘一','13900009999','liuyi@email.com','male','1993-01-05','2024-09-10 10:45:00','active'),(10,'陈二','13900000000','chener@email.com','female','1997-06-14','2024-10-05 14:30:00','active');
/*!40000 ALTER TABLE `member` ENABLE KEYS */;
UNLOCK TABLES;

--
-- Temporary view structure for view `member_detail_view`
--

DROP TABLE IF EXISTS `member_detail_view`;
/*!50001 DROP VIEW IF EXISTS `member_detail_view`*/;
SET @saved_cs_client     = @@character_set_client;
/*!50503 SET character_set_client = utf8mb4 */;
/*!50001 CREATE VIEW `member_detail_view` AS SELECT 
 1 AS `member_id`,
 1 AS `name`,
 1 AS `phone`,
 1 AS `email`,
 1 AS `gender`,
 1 AS `birth_date`,
 1 AS `age`,
 1 AS `register_date`,
 1 AS `member_status`,
 1 AS `card_id`,
 1 AS `card_type`,
 1 AS `start_date`,
 1 AS `end_date`,
 1 AS `card_status`,
 1 AS `days_remaining`*/;
SET character_set_client = @saved_cs_client;

--
-- Table structure for table `membership_card`
--

DROP TABLE IF EXISTS `membership_card`;
/*!40101 SET @saved_cs_client     = @@character_set_client */;
/*!50503 SET character_set_client = utf8mb4 */;
CREATE TABLE `membership_card` (
  `card_id` int NOT NULL,
  `member_id` int DEFAULT NULL,
  `card_type` enum('yearly','monthly') DEFAULT 'monthly',
  `start_date` date DEFAULT NULL,
  `end_date` date DEFAULT NULL,
  `card_status` enum('active','inactive','expired') DEFAULT 'active',
  PRIMARY KEY (`card_id`),
  KEY `member_id` (`member_id`),
  CONSTRAINT `membership_card_ibfk_1` FOREIGN KEY (`member_id`) REFERENCES `member` (`member_id`)
) ENGINE=InnoDB DEFAULT CHARSET=utf8mb4 COLLATE=utf8mb4_0900_ai_ci COMMENT='会员卡表：存储会员的会籍卡信息，包括年卡和月卡';
/*!40101 SET character_set_client = @saved_cs_client */;

--
-- Dumping data for table `membership_card`
--

LOCK TABLES `membership_card` WRITE;
/*!40000 ALTER TABLE `membership_card` DISABLE KEYS */;
INSERT INTO `membership_card` VALUES (1,1,'yearly','2024-01-10','2025-01-09','active'),(2,2,'monthly','2024-11-15','2024-12-14','active'),(3,3,'yearly','2024-03-05','2025-03-04','active'),(4,4,'monthly','2024-11-12','2024-12-11','active'),(5,5,'yearly','2024-05-20','2025-05-19','active'),(6,6,'monthly','2024-11-08','2024-12-07','active'),(7,7,'yearly','2024-07-15','2025-07-14','active'),(8,8,'monthly','2024-08-01','2024-08-31','expired'),(9,9,'monthly','2024-11-10','2024-12-09','active'),(10,10,'yearly','2024-10-05','2025-10-04','active');
/*!40000 ALTER TABLE `membership_card` ENABLE KEYS */;
UNLOCK TABLES;

--
-- Temporary view structure for view `monthly_checkin_stats`
--

DROP TABLE IF EXISTS `monthly_checkin_stats`;
/*!50001 DROP VIEW IF EXISTS `monthly_checkin_stats`*/;
SET @saved_cs_client     = @@character_set_client;
/*!50503 SET character_set_client = utf8mb4 */;
/*!50001 CREATE VIEW `monthly_checkin_stats` AS SELECT 
 1 AS `member_id`,
 1 AS `name`,
 1 AS `year`,
 1 AS `month`,
 1 AS `checkin_count`,
 1 AS `avg_duration_minutes`,
 1 AS `last_checkin`*/;
SET character_set_client = @saved_cs_client;

--
-- Table structure for table `order`
--

DROP TABLE IF EXISTS `order`;
/*!40101 SET @saved_cs_client     = @@character_set_client */;
/*!50503 SET character_set_client = utf8mb4 */;
CREATE TABLE `order` (
  `order_id` int NOT NULL,
  `member_id` int DEFAULT NULL,
  `order_type` enum('membership','product','course') NOT NULL,
  `amount` decimal(10,2) NOT NULL,
  `order_time` datetime NOT NULL,
  `payment_status` enum('pending','paid','cancelled','refunded') DEFAULT 'pending',
  PRIMARY KEY (`order_id`),
  KEY `member_id` (`member_id`),
  CONSTRAINT `order_ibfk_1` FOREIGN KEY (`member_id`) REFERENCES `member` (`member_id`)
) ENGINE=InnoDB DEFAULT CHARSET=utf8mb4 COLLATE=utf8mb4_0900_ai_ci COMMENT='订单表：存储所有类型的订单信息（会员卡、产品、课程）';
/*!40101 SET character_set_client = @saved_cs_client */;

--
-- Dumping data for table `order`
--

LOCK TABLES `order` WRITE;
/*!40000 ALTER TABLE `order` DISABLE KEYS */;
INSERT INTO `order` VALUES (1,1,'membership',1200.00,'2024-01-10 09:30:00','paid'),(2,2,'membership',200.00,'2024-11-15 14:20:00','paid'),(3,3,'membership',1200.00,'2024-03-05 10:15:00','paid'),(4,1,'product',114.00,'2024-02-20 15:30:00','paid'),(5,4,'membership',200.00,'2024-11-12 16:45:00','paid'),(6,2,'product',45.00,'2024-03-15 11:20:00','paid'),(7,6,'membership',200.00,'2024-11-08 13:20:00','paid'),(8,7,'membership',1200.00,'2024-07-15 15:10:00','paid'),(9,9,'membership',200.00,'2024-11-10 10:45:00','paid'),(10,10,'membership',1200.00,'2024-10-05 14:30:00','paid'),(11,3,'product',163.00,'2024-05-10 16:00:00','paid'),(12,6,'product',68.00,'2024-11-20 10:30:00','paid'),(13,7,'product',129.00,'2024-08-25 14:15:00','paid'),(14,1,'product',48.00,'2024-11-28 09:00:00','paid'),(15,5,'membership',1200.00,'2024-05-20 11:30:00','paid');
/*!40000 ALTER TABLE `order` ENABLE KEYS */;
UNLOCK TABLES;

--
-- Table structure for table `order_product`
--

DROP TABLE IF EXISTS `order_product`;
/*!40101 SET @saved_cs_client     = @@character_set_client */;
/*!50503 SET character_set_client = utf8mb4 */;
CREATE TABLE `order_product` (
  `order_id` int NOT NULL,
  `product_id` int NOT NULL,
  `quantity` int NOT NULL DEFAULT '1',
  PRIMARY KEY (`order_id`,`product_id`),
  KEY `product_id` (`product_id`),
  CONSTRAINT `order_product_ibfk_1` FOREIGN KEY (`order_id`) REFERENCES `order` (`order_id`),
  CONSTRAINT `order_product_ibfk_2` FOREIGN KEY (`product_id`) REFERENCES `product` (`product_id`)
) ENGINE=InnoDB DEFAULT CHARSET=utf8mb4 COLLATE=utf8mb4_0900_ai_ci COMMENT='订单产品关联表：存储订单与产品的多对多关系及购买数量';
/*!40101 SET character_set_client = @saved_cs_client */;

--
-- Dumping data for table `order_product`
--

LOCK TABLES `order_product` WRITE;
/*!40000 ALTER TABLE `order_product` DISABLE KEYS */;
INSERT INTO `order_product` VALUES (4,1,1),(4,2,1),(6,3,1),(11,7,2),(11,8,1),(11,9,1),(12,9,1),(13,6,1),(14,10,1);
/*!40000 ALTER TABLE `order_product` ENABLE KEYS */;
UNLOCK TABLES;

--
-- Table structure for table `product`
--

DROP TABLE IF EXISTS `product`;
/*!40101 SET @saved_cs_client     = @@character_set_client */;
/*!50503 SET character_set_client = utf8mb4 */;
CREATE TABLE `product` (
  `product_id` int NOT NULL,
  `name` varchar(100) NOT NULL,
  `price` decimal(10,2) NOT NULL,
  `stock` int NOT NULL DEFAULT '0',
  PRIMARY KEY (`product_id`)
) ENGINE=InnoDB DEFAULT CHARSET=utf8mb4 COLLATE=utf8mb4_0900_ai_ci COMMENT='产品表：存储健身房销售的产品信息及库存';
/*!40101 SET character_set_client = @saved_cs_client */;

--
-- Dumping data for table `product`
--

LOCK TABLES `product` WRITE;
/*!40000 ALTER TABLE `product` DISABLE KEYS */;
INSERT INTO `product` VALUES (1,'运动毛巾',25.00,100),(2,'瑜伽垫',89.00,50),(3,'运动水杯',45.00,80),(4,'护腕一对',35.00,60),(5,'健身手套',55.00,40),(6,'运动背包',129.00,30),(7,'弹力带',38.00,70),(8,'跳绳',28.00,90),(9,'瑜伽球',68.00,45),(10,'能量棒（10条装）',48.00,120);
/*!40000 ALTER TABLE `product` ENABLE KEYS */;
UNLOCK TABLES;

--
-- Temporary view structure for view `weekly_attendance`
--

DROP TABLE IF EXISTS `weekly_attendance`;
/*!50001 DROP VIEW IF EXISTS `weekly_attendance`*/;
SET @saved_cs_client     = @@character_set_client;
/*!50503 SET character_set_client = utf8mb4 */;
/*!50001 CREATE VIEW `weekly_attendance` AS SELECT 
 1 AS `member_id`,
 1 AS `week_num`,
 1 AS `total_checkins`*/;
SET character_set_client = @saved_cs_client;

--
-- Final view structure for view `booking_detail_view`
--

/*!50001 DROP VIEW IF EXISTS `booking_detail_view`*/;
/*!50001 SET @saved_cs_client          = @@character_set_client */;
/*!50001 SET @saved_cs_results         = @@character_set_results */;
/*!50001 SET @saved_col_connection     = @@collation_connection */;
/*!50001 SET character_set_client      = utf8mb4 */;
/*!50001 SET character_set_results     = utf8mb4 */;
/*!50001 SET collation_connection      = utf8mb4_0900_ai_ci */;
/*!50001 CREATE ALGORITHM=UNDEFINED */
/*!50013 DEFINER=`root`@`localhost` SQL SECURITY DEFINER */
/*!50001 VIEW `booking_detail_view` AS select `b`.`booking_id` AS `booking_id`,`b`.`booking_time` AS `booking_time`,`b`.`booking_status` AS `booking_status`,`m`.`member_id` AS `member_id`,`m`.`name` AS `member_name`,`m`.`phone` AS `member_phone`,`c`.`course_id` AS `course_id`,`c`.`name` AS `course_name`,`c`.`type` AS `course_type`,`c`.`duration` AS `duration`,`e`.`name` AS `trainer_name` from (((`booking` `b` join `member` `m` on((`b`.`member_id` = `m`.`member_id`))) join `course` `c` on((`b`.`course_id` = `c`.`course_id`))) left join `employee` `e` on((`c`.`employee_id` = `e`.`employee_id`))) */;
/*!50001 SET character_set_client      = @saved_cs_client */;
/*!50001 SET character_set_results     = @saved_cs_results */;
/*!50001 SET collation_connection      = @saved_col_connection */;

--
-- Final view structure for view `course_detail_view`
--

/*!50001 DROP VIEW IF EXISTS `course_detail_view`*/;
/*!50001 SET @saved_cs_client          = @@character_set_client */;
/*!50001 SET @saved_cs_results         = @@character_set_results */;
/*!50001 SET @saved_col_connection     = @@collation_connection */;
/*!50001 SET character_set_client      = utf8mb4 */;
/*!50001 SET character_set_results     = utf8mb4 */;
/*!50001 SET collation_connection      = utf8mb4_0900_ai_ci */;
/*!50001 CREATE ALGORITHM=UNDEFINED */
/*!50013 DEFINER=`root`@`localhost` SQL SECURITY DEFINER */
/*!50001 VIEW `course_detail_view` AS select `c`.`course_id` AS `course_id`,`c`.`name` AS `course_name`,`c`.`type` AS `type`,`c`.`duration` AS `duration`,`c`.`max_capacity` AS `max_capacity`,`e`.`employee_id` AS `employee_id`,`e`.`name` AS `trainer_name`,`e`.`phone` AS `trainer_phone`,count(`b`.`booking_id`) AS `current_bookings`,(`c`.`max_capacity` - count(`b`.`booking_id`)) AS `available_slots` from ((`course` `c` left join `employee` `e` on((`c`.`employee_id` = `e`.`employee_id`))) left join `booking` `b` on(((`c`.`course_id` = `b`.`course_id`) and (`b`.`booking_status` = 'confirmed')))) group by `c`.`course_id`,`c`.`name`,`c`.`type`,`c`.`duration`,`c`.`max_capacity`,`e`.`employee_id`,`e`.`name`,`e`.`phone` */;
/*!50001 SET character_set_client      = @saved_cs_client */;
/*!50001 SET character_set_results     = @saved_cs_results */;
/*!50001 SET collation_connection      = @saved_col_connection */;

--
-- Final view structure for view `current_members_in_gym`
--

/*!50001 DROP VIEW IF EXISTS `current_members_in_gym`*/;
/*!50001 SET @saved_cs_client          = @@character_set_client */;
/*!50001 SET @saved_cs_results         = @@character_set_results */;
/*!50001 SET @saved_col_connection     = @@collation_connection */;
/*!50001 SET character_set_client      = utf8mb4 */;
/*!50001 SET character_set_results     = utf8mb4 */;
/*!50001 SET collation_connection      = utf8mb4_0900_ai_ci */;
/*!50001 CREATE ALGORITHM=UNDEFINED */
/*!50013 DEFINER=`root`@`localhost` SQL SECURITY DEFINER */
/*!50001 VIEW `current_members_in_gym` AS select `ci`.`checkin_id` AS `checkin_id`,`m`.`member_id` AS `member_id`,`m`.`name` AS `name`,`m`.`phone` AS `phone`,`ci`.`checkin_time` AS `checkin_time`,timestampdiff(MINUTE,`ci`.`checkin_time`,now()) AS `minutes_in_gym` from (`check_in` `ci` join `member` `m` on((`ci`.`member_id` = `m`.`member_id`))) where (`ci`.`checkout_time` is null) order by `ci`.`checkin_time` */;
/*!50001 SET character_set_client      = @saved_cs_client */;
/*!50001 SET character_set_results     = @saved_cs_results */;
/*!50001 SET collation_connection      = @saved_col_connection */;

--
-- Final view structure for view `member_detail_view`
--

/*!50001 DROP VIEW IF EXISTS `member_detail_view`*/;
/*!50001 SET @saved_cs_client          = @@character_set_client */;
/*!50001 SET @saved_cs_results         = @@character_set_results */;
/*!50001 SET @saved_col_connection     = @@collation_connection */;
/*!50001 SET character_set_client      = utf8mb4 */;
/*!50001 SET character_set_results     = utf8mb4 */;
/*!50001 SET collation_connection      = utf8mb4_0900_ai_ci */;
/*!50001 CREATE ALGORITHM=UNDEFINED */
/*!50013 DEFINER=`root`@`localhost` SQL SECURITY DEFINER */
/*!50001 VIEW `member_detail_view` AS select `m`.`member_id` AS `member_id`,`m`.`name` AS `name`,`m`.`phone` AS `phone`,`m`.`email` AS `email`,`m`.`gender` AS `gender`,`m`.`birth_date` AS `birth_date`,(year(curdate()) - year(`m`.`birth_date`)) AS `age`,`m`.`register_date` AS `register_date`,`m`.`status` AS `member_status`,`mc`.`card_id` AS `card_id`,`mc`.`card_type` AS `card_type`,`mc`.`start_date` AS `start_date`,`mc`.`end_date` AS `end_date`,`mc`.`card_status` AS `card_status`,(to_days(`mc`.`end_date`) - to_days(curdate())) AS `days_remaining` from (`member` `m` left join `membership_card` `mc` on((`m`.`member_id` = `mc`.`member_id`))) */;
/*!50001 SET character_set_client      = @saved_cs_client */;
/*!50001 SET character_set_results     = @saved_cs_results */;
/*!50001 SET collation_connection      = @saved_col_connection */;

--
-- Final view structure for view `monthly_checkin_stats`
--

/*!50001 DROP VIEW IF EXISTS `monthly_checkin_stats`*/;
/*!50001 SET @saved_cs_client          = @@character_set_client */;
/*!50001 SET @saved_cs_results         = @@character_set_results */;
/*!50001 SET @saved_col_connection     = @@collation_connection */;
/*!50001 SET character_set_client      = utf8mb4 */;
/*!50001 SET character_set_results     = utf8mb4 */;
/*!50001 SET collation_connection      = utf8mb4_0900_ai_ci */;
/*!50001 CREATE ALGORITHM=UNDEFINED */
/*!50013 DEFINER=`root`@`localhost` SQL SECURITY DEFINER */
/*!50001 VIEW `monthly_checkin_stats` AS select `m`.`member_id` AS `member_id`,`m`.`name` AS `name`,year(`ci`.`checkin_time`) AS `year`,month(`ci`.`checkin_time`) AS `month`,count(0) AS `checkin_count`,avg(timestampdiff(MINUTE,`ci`.`checkin_time`,`ci`.`checkout_time`)) AS `avg_duration_minutes`,max(`ci`.`checkin_time`) AS `last_checkin` from (`member` `m` join `check_in` `ci` on((`m`.`member_id` = `ci`.`member_id`))) where (`ci`.`checkout_time` is not null) group by `m`.`member_id`,`m`.`name`,year(`ci`.`checkin_time`),month(`ci`.`checkin_time`) */;
/*!50001 SET character_set_client      = @saved_cs_client */;
/*!50001 SET character_set_results     = @saved_cs_results */;
/*!50001 SET collation_connection      = @saved_col_connection */;

--
-- Final view structure for view `weekly_attendance`
--

/*!50001 DROP VIEW IF EXISTS `weekly_attendance`*/;
/*!50001 SET @saved_cs_client          = @@character_set_client */;
/*!50001 SET @saved_cs_results         = @@character_set_results */;
/*!50001 SET @saved_col_connection     = @@collation_connection */;
/*!50001 SET character_set_client      = utf8mb4 */;
/*!50001 SET character_set_results     = utf8mb4 */;
/*!50001 SET collation_connection      = utf8mb4_0900_ai_ci */;
/*!50001 CREATE ALGORITHM=UNDEFINED */
/*!50013 DEFINER=`root`@`localhost` SQL SECURITY DEFINER */
/*!50001 VIEW `weekly_attendance` AS select `check_in`.`member_id` AS `member_id`,week(`check_in`.`checkin_time`,0) AS `week_num`,count(0) AS `total_checkins` from `check_in` group by `check_in`.`member_id`,`week_num` */;
/*!50001 SET character_set_client      = @saved_cs_client */;
/*!50001 SET character_set_results     = @saved_cs_results */;
/*!50001 SET collation_connection      = @saved_col_connection */;
/*!40103 SET TIME_ZONE=@OLD_TIME_ZONE */;

/*!40101 SET SQL_MODE=@OLD_SQL_MODE */;
/*!40014 SET FOREIGN_KEY_CHECKS=@OLD_FOREIGN_KEY_CHECKS */;
/*!40014 SET UNIQUE_CHECKS=@OLD_UNIQUE_CHECKS */;
/*!40101 SET CHARACTER_SET_CLIENT=@OLD_CHARACTER_SET_CLIENT */;
/*!40101 SET CHARACTER_SET_RESULTS=@OLD_CHARACTER_SET_RESULTS */;
/*!40101 SET COLLATION_CONNECTION=@OLD_COLLATION_CONNECTION */;
/*!40111 SET SQL_NOTES=@OLD_SQL_NOTES */;

-- Dump completed on 2025-12-01 17:43:52
